OriginalVariableNames,Var1,Var2,Var3,Var4,Var5,Var6,Var7,Var8,Var9,Var10,Var11,Var12,Var13,Var14,Var15,Var16,Var17,Var18,Var19,Var20,Var21,Var22,Var23,Var24,Var25,Var26,Var27,Var28,Var29,Var30,Var31,Var32,Var33,Var34,Var35,Var36,Var37,Var38,Var39,Var40,Var41,Var42,Var43,Var44,Var45,Var46,Var47,Var48,Var49,Var50,Var51,Var52,Var53,Var54
Var3,"stimulation,","smokers,","stress,","disease,","object,","phase,","attention,","cognitive,","wm,","reading,","target,","social,","semantic,","context,","depression,","acupuncture,","memory,","inhibition,","patients,","ms,","verbs,","decision,","action,","hearing,","conflict,","sequences,","sleep,","events,","switching,","emotional,","pain,","adhd,","faces,","women,","personality,","memory,","body,","force,","spatial,","reasoning,","alcohol,","trials,","treatment,","risk,","feedback,","speech,","sentences,","motion,","familiar,","eye,","motor,","fear,","food,","reward,"
Var4,"somatosensory,","users,","ptsd,","patients,","objects,","rate,","attentional,","control,","imagery,","words,","detection,","empathy,","words,","gaze,","mdd,","creative,","encoding,","response,","schizophrenia,","patients,","verb,","choice,","actions,","deaf,","interference,","timing,","number,","memory,","set,","negative,","painful,","asd,","face,","sex,","ocd,","working,","bodies,","motor,","space,","judgments,","ds,","response,","baseline,","adolescents,","error,","auditory,","language,","perception,","recognition,","eyes,","movement,","threat,","taste,","anticipation,"
Var5,"tms,","smoking,","exposure,","ad,","visual,","cycle,","visual,","performance,","mental,","language,","stimulus,","participants,","word,","cues,","patients,","stimulation,","retrieval,","control,","controls,","global,","nouns,","decisions,","observation,","tinnitus,","control,","bimanual,","numerical,","autobiographical,","rule,","emotion,","stimulation,","autism,","facial,","gender,","trait,","task,","images,","muscle,","location,","moral,","alcoholics,","trial,","therapy,","individuals,","errors,","sounds,","comprehension,","visual,","false,","movements,","movements,","conditioning,","weight,","monetary,"
Var6,"tactile,","drug,","trauma,","mci,","shape,","heart,","spatial,","task,","imagined,","word,","targets,","person,","priming,","contextual,","disorder,","creativity,","recognition,","inhibitory,","healthy,","multiple,","processing,","risk,","mirror,","sign,","stroop,","sequence,","numbers,","memories,","task,","neutral,","somatosensory,","children,","expressions,","females,","traits,","load,","image,","fatigue,","virtual,","judgment,","drinking,","stimulus,","bpd,","history,","learning,","processing,","sentence,","biological,","familiarity,","target,","sensorimotor,","responses,","obese,","processing,"
Var7,"primary,","nicotine,","cortisol,","alzheimer,","color,","menstrual,","search,","executive,","rotation,","phonological,","response,","mentalizing,","processing,","contexts,","bipolar,","acupoint,","episodic,","stop,","compared,","sclerosis,","noun,","choices,","motor,","phobia,","incongruent,","coordination,","arithmetic,","retrieval,","switch,","processing,","intensity,","disorder,","processing,","males,","neuroticism,","verbal,","nervosa,","grip,","navigation,","referential,","cue,","selection,","patients,","behavior,","prediction,","music,","processing,","areas,","items,","saccades,","primary,","anxiety,","eating,","rewards,"
Var8,"rtms,","cocaine,","disorder,","controls,","recognition,","autonomic,","orienting,","function,","mi,","processing,","processing,","mental,","knowledge,","congruent,","depressive,","ideas,","words,","task,","deficits,","local,","grammatical,","uncertainty,","gestures,","signers,","task,","motor,","sd,","episodic,","rules,","regulation,","chronic,","controls,","emotional,","female,","scores,","maintenance,","participants,","emg,","representations,","evaluation,","heavy,","task,","clinical,","intelligence,","monitoring,","sound,","syntactic,","moving,","unfamiliar,","saccade,","finger,","cs,","foods,","motivation,"
Var9,"touch,","cannabis,","traumatic,","cognitive,","stream,","phases,","target,","functions,","tasks,","chinese,","responses,","people,","abstract,","incongruent,","depressed,","pc,","successful,","motor,","reduced,","cr,","language,","outcome,","goal,","phobic,","response,","rhythm,","magnitude,","future,","flexibility,","affective,","processing,","spectrum,","neutral,","male,","anxiety,","performance,","women,","control,","locations,","gait,","dependence,","cue,","follow,","participants,","correct,","perception,","semantic,","processing,","item,","visual,","areas,","extinction,","obesity,","incentive,"
Var10,"motor,","craving,","life,","impairment,","shapes,","women,","top,","cognition,","visual,","visual,","novelty,","mind,","conceptual,","direction,","major,","thinking,","subsequent,","signal,","disorder,","fitness,","generation,","risky,","imitation,","auditory,","congruent,","tapping,","calculation,","personal,","shifting,","positive,","noxious,","disorders,","fearful,","sexual,","ec,","cognitive,","anorexia,","voluntary,","position,","relational,","exposure,","reaction,","cognitive,","psychosis,","negative,","voice,","linguistic,","direction,","true,","tracking,","control,","conditioned,","reward,","responses,"
Var11,"transcranial,","cues,","exposed,","atrophy,","areas,","physiological,","selective,","ability,","visuospatial,","lexical,","change,","cognition,","category,","direct,","healthy,","generation,","items,","activation,","matched,","clinical,","production,","outcomes,","tool,","language,","olfactory,","sequential,","deprivation,","past,","sets,","pictures,","sensory,","individuals,","emotion,","testosterone,","compulsive,","activation,","agency,","tongue,","representation,","walking,","drinkers,","time,","months,","aggression,","performance,","pitch,","meaning,","dynamic,","correct,","guided,","activation,","stimulus,","energy,","motivational,"
Var12,"tdcs,","controls,","posttraumatic,","mild,","perception,","exercise,","control,","attention,","motor,","letter,","events,","theory,","representations,","eye,","mood,","verum,","recall,","trials,","symptoms,","areas,","thematic,","behavioral,","system,","spider,","resolution,","beat,","digit,","semantic,","sorting,","valence,","heat,","deficits,","happy,","girls,","obsessive,","information,","bn,","nf,","orientation,","evaluations,","cues,","cues,","improvement,","adolescent,","response,","listening,","word,","static,","famous,","pursuit,","sensory,","learning,","gustatory,","task,"
Var13,"applied,","abstinence,","acute,","amci,","activated,","sympathetic,","location,","behavioral,","areas,","readers,","task,","perspective,","lexical,","information,","bd,","acupoints,","test,","nogo,","increased,","cp,","regular,","reward,","video,","sp,","trials,","rhythmic,","symbolic,","event,","trials,","emotions,","induced,","deficit,","recognition,","ct,","alexithymia,","tasks,","bodily,","primary,","reference,","beauty,","dependent,","target,","pre,","family,","outcome,","acoustic,","literal,","stimulus,","stm,","fixation,","execution,","response,","hunger,","loss,"
Var14,"induced,","dependence,","childhood,","healthy,","location,","luteal,","areas,","tasks,","spatial,","letters,","distractor,","interaction,","concrete,","social,","anxiety,","needling,","information,","suppression,","dysfunction,","contour,","lexical,","behavior,","execution,","participants,","odor,","structure,","mathematical,","thinking,","shift,","arousal,","evoked,","attention,","perception,","levels,","psychopathy,","term,","arms,","bladder,","route,","reference,","alcoholism,","rt,","scans,","relationship,","reinforcement,","musical,","narrative,","human,","vstm,","closed,","somatosensory,","aversive,","pictures,","punishment,"
Var15,"magnetic,","cue,","response,","dementia,","lateral,","hr,","attended,","functioning,","ltm,","orthographic,","oddball,","game,","concepts,","subliminal,","sad,","variability,","recollection,","responses,","abnormalities,","activations,","morphological,","preferences,","areas,","signs,","behavioral,","synchrony,","mental,","construction,","shifts,","participants,","primary,","reduced,","expression,","heterosexual,","disorder,","capacity,","ownership,","balance,","egocentric,","judged,","controls,","preparation,","week,","taking,","positive,","production,","ambiguous,","illusion,","information,","movement,","functional,","skin,","response,","aversive,"
Var16,"sensory,","addiction,","reactivity,","memory,","grasping,","follicular,","network,","test,","imagination,","naming,","distractors,","behavior,","meaning,","interaction,","controls,","idea,","item,","successful,","decreased,","lesion,","argument,","loss,","movements,","ce,","attentional,","movements,","distance,","experiences,","anxiety,","affect,","nociceptive,","adults,","social,","postpartum,","individuals,","probe,","fes,","contraction,","object,","aesthetic,","drink,","times,","intervention,","youth,","trials,","vocal,","metaphors,","sensitive,","confidence,","saccadic,","planning,","conductance,","caloric,","rewarding,"
Var17,"secondary,","dependent,","stressful,","hd,","haptic,","cardiovascular,","stimulus,","goal,","imagine,","dyslexia,","event,","interactions,","pairs,","contact,","conclusions,","gb,","associative,","inhibit,","abnormal,","mp,","structure,","probability,","directed,","phobics,","color,","versa,","math,","remote,","switches,","responses,","secondary,","typically,","angry,","sexually,","extraversion,","manipulation,","illusion,","central,","participants,","attractiveness,","relapse,","competition,","time,","lower,","processing,","tones,","content,","depth,","names,","gaze,","tapping,","acquisition,","body,","outcomes,"
Var18,"stimulated,","heroin,","healthy,","deficits,","processing,","msna,","irrelevant,","effort,","transformation,","characters,","salient,","junction,","task,","arrow,","symptoms,","va,","word,","behavioral,","impaired,","adaptive,","word,","subjective,","neuron,","asl,","cognitive,","vice,","solving,","life,","card,","reappraisal,","analgesia,","td,","response,","boys,","individual,","executive,","visual,","sensorimotor,","perspective,","locomotion,","lr,","responses,","change,","factor,","outcomes,","prosody,","meanings,","perceptual,","recollection,","oculomotor,","system,","autonomic,","insulin,","gain,"
Var19,"repetitive,","marijuana,","survivors,","elderly,","texture,","pmdd,","cues,","individuals,","image,","native,","salience,","individual,","unrelated,","unconscious,","subjects,","specificity,","participants,","error,","control,","obtained,","words,","options,","clips,","nh,","odors,","phase,","rem,","knowledge,","wcst,","cognitive,","stimulus,","developing,","responses,","hormone,","dimension,","spatial,","hands,","isometric,","environment,","analogical,","consumption,","increased,","symptoms,","examined,","task,","musicians,","structure,","dot,","prc,","antisaccade,","ipsilateral,","subjects,","calorie,","system,"
Var20,"ipsilateral,","induced,","symptoms,","clinical,","form,","pressure,","distraction,","behavior,","imagining,","languages,","driven,","attribution,","retrieval,","averted,","disorders,","laser,","source,","inhibited,","disease,","relapsing,","linguistic,","bias,","observing,","loss,","simon,","paced,","representation,","recent,","anxious,","images,","perception,","abnormalities,","emotions,","stronger,","dimensions,","phase,","perception,","involuntary,","information,","belief,","reactivity,","motor,","sessions,","circuitry,","trial,","voices,","syntax,","cues,","compared,","direction,","tasks,","increased,","control,","sensitivity,"
Var21,"swallowing,","exposure,","reported,","apoe,","selective,","breathing,","shifts,","demands,","mentally,","bilinguals,","context,","human,","categories,","suggest,","control,","responses,","studied,","inhibiting,","clinical,","atrophy,","irregular,","participants,","person,","compared,","congruency,","pattern,","multiplication,","recall,","costs,","emotionally,","thermal,","matched,","identity,","ft,","healthy,","encoding,","arm,","muscles,","allocentric,","freezing,","prenatal,","event,","outcome,","factors,","reversal,","tone,","discourse,","subjects,","activated,","ocular,","pre,","shock,","intake,","dopaminergic,"
Var22,"areas,","cigarette,","anxiety,","age,","colour,","mid,","relevant,","recruitment,","images,","japanese,","relevant,","empathic,","picture,","relevant,","severity,","activities,","encoded,","pre,","age,","disability,","class,","rewards,","simulation,","signed,","word,","rhythms,","addition,","mental,","paradigm,","increased,","cortices,","control,","fear,","sexes,","correlated,","updating,","lotc,","precision,","frame,","evaluative,","intoxication,","pre,","cbt,","relationships,","behavior,","phonetic,","ambiguity,","order,","recency,","areas,","visuomotor,","threatening,","bmi,","pg,"
Var23,"representation,","control,","disorders,","performance,","properties,","reactivity,","feature,","abilities,","activated,","dyslexic,","paradigm,","interpersonal,","decision,","effect,","compared,","deqi,","event,","performance,","altered,","extent,","compared,","values,","performed,","ci,","flanker,","unimanual,","wakefulness,","engaged,","single,","unpleasant,","hyperalgesia,","hyperactivity,","fg,","homosexual,","psychopathic,","performed,","eating,","dynamic,","relative,","trait,","ns,","paradigm,","decreased,","impulsivity,","stimulus,","responses,","spoken,","coherent,","person,","control,","cortices,","scr,","mass,","mesolimbic,"
Var24,"healthy,","abstinent,","increased,","mri,","features,","central,","modulation,","lateral,","ability,","semantic,","presence,","situations,","atl,","shifts,","increased,","divergent,","performance,","prepotent,","conclusions,","remitting,","pl,","taking,","participants,","bsl,","effect,","lateral,","comparison,","counterfactual,","ef,","ratings,","ratings,","functioning,","sad,","chromosome,","factor,","storage,","reduced,","forces,","coding,","explicit,","craving,","faster,","response,","nirs,","expected,","syllable,","story,","displays,","people,","spem,","simple,","arousal,","cues,","response,"
Var25,"stimulus,","compared,","severity,","epsilon,","manipulation,","cardiac,","task,","performed,","angle,","character,","relevance,","attachment,","activation,","embedded,","emotional,","deactivation,","pairs,","reactive,","subjects,","test,","system,","losses,","gesture,","visual,","monitoring,","musical,","retrieval,","experience,","required,","aversive,","cold,","social,","anger,","difference,","correlates,","network,","illusory,","pelvic,","body,","religious,","alcoholic,","preparatory,","scan,","negative,","signal,","linguistic,","violations,","illusory,","belief,","visually,","healthy,","anxious,","dm,","positive,"
Var26,"system,","heavy,","levels,","impaired,","orientation,","levels,","cued,","attentional,","degrees,","form,","unexpected,","emotional,","representation,","cue,","antidepressant,","iiv,","memories,","stopping,","impairments,","pasat,","complexity,","valuation,","human,","native,","irrelevant,","order,","subtraction,","recollection,","wisconsin,","picture,","central,","participants,","affect,","estrogen,","temperament,","span,","somatic,","subjects,","map,","locomotor,","exposed,","participants,","assessed,","support,","detection,","listened,","reading,","perceived,","contrast,","smooth,","performed,","avoidance,","women,","cues,"
Var27,"evoked,","mj,","stressor,","sd,","grasp,","progesterone,","mechanisms,","neuropsychological,","physical,","speakers,","habituation,","intentions,","semantically,","reality,","matched,","manipulation,","formation,","ability,","hc,","recruitment,","forms,","economic,","understanding,","deafness,","processing,","sequencing,","numerosity,","elaboration,","stimulus,","viewing,","responses,","atypical,","affective,","desire,","emotional,","rehearsal,","bulimia,","floor,","centered,","logical,","responses,","required,","term,","aggressive,","signals,","syllables,","event,","viewing,","order,","blink,","visually,","participants,","normal,","money,"
Var28,"intensity,","chronic,","combat,","loss,","participants,","athletes,","color,","directed,","strategy,","linguistic,","information,","taking,","prime,","directional,","abnormalities,","clinical,","success,","sst,","severity,","damage,","subject,","preference,","actor,","ccs,","activated,","synchronization,","operations,","imagining,","trial,","pleasant,","experience,","age,","viewing,","penile,","eo,","retention,","posture,","micturition,","visuo,","deductive,","cet,","speed,","underwent,","fluid,","events,","speaker,","participants,","stationary,","personally,","targets,","action,","paradigm,","pleasantness,","anticipatory,"
Var29,"human,","ecstasy,","control,","neurodegenerative,","identification,","modulation,","cueing,","domains,","manipulation,","spelling,","effect,","beliefs,","pictures,","conscious,","illness,","te,","remembered,","monitoring,","symptom,","soa,","representation,","option,","body,","sps,","conflicting,","pacing,","night,","ams,","worry,","disgust,","subjects,","autistic,","signals,","hormones,","measures,","increased,","recovered,","kinesthetic,","objects,","relations,","aud,","subsequent,","interventions,","positive,","expectations,","noise,","context,","dots,","heuristic,","position,","handed,","disorders,","satiety,","delay,"
Var30,"finger,","abusers,","symptom,","progressive,","visually,","peripheral,","focus,","tests,","visuo,","pseudowords,","irrelevant,","understanding,","association,","congruence,","clinical,","original,","associations,","suppress,","psychotic,","lower,","inflected,","gains,","mns,","spiders,","incompatible,","parallel,","counting,","details,","repeat,","mood,","sensation,","impairments,","masked,","displayed,","questionnaire,","delay,","appearance,","production,","neglect,","adjectives,","lower,","expectancy,","received,","association,","incorrect,","discrimination,","metaphor,","flow,","term,","blinking,","effector,","unconditioned,","increased,","gains,"
Var31,"perception,","addicts,","maltreatment,","normal,","perceptual,","circuitry,","bottom,","level,","poor,","production,","behavioral,","affective,","automatic,","incongruous,","rumination,","evoked,","verbal,","correlates,","alterations,","tissue,","imageability,","individual,","videos,","cochlear,","neutral,","pianists,","quantity,","search,","switched,","enhanced,","matrix,","adolescents,","matching,","arousal,","affective,","function,","representation,","rtfmri,","coordinate,","analogy,","conclusions,","accuracy,","month,","completed,","expectation,","prosodic,","text,","form,","hits,","retinal,","dominant,","startle,","appetite,","behavior,"
Var32,"somatotopic,","abuse,","veterans,","neuropsychological,","reaching,","respiratory,","processing,","individual,","actual,","representations,","role,","partner,","information,","incongruency,","affective,","produced,","pictures,","gating,","sz,","ppms,","processed,","correlated,","activated,","controls,","relevant,","symmetry,","estimation,","remembering,","paradigms,","experience,","mechanical,","syndrome,","disgust,","dimorphic,","tas,","accuracy,","female,","static,","positions,","appraisals,","ae,","demands,","improved,","adult,","predictive,","primary,","speaker,","percept,","relational,","peripheral,","representation,","paired,","individuals,","avoidance,"
Var33,"site,","mdma,","individuals,","amnestic,","viewing,","recorded,","attend,","relevant,","rotations,","written,","hemodynamic,","exclusion,","participants,","supraliminal,","hc,","glycemic,","remember,","action,","episode,","measures,","properties,","choose,","representations,","hl,","mechanisms,","predictability,","size,","cues,","execution,","reactivity,","perceived,","iq,","cues,","hormonal,","disorders,","functions,","shape,","crossed,","judgments,","attractive,","mesocorticolimbic,","rts,","increase,","examine,","contingencies,","stuttering,","coherence,","random,","associations,","subjects,","writing,","cues,","overweight,","outcome,"
Var34,"excitability,","nonsmokers,","experiences,","degeneration,","naming,","arousal,","event,","behavioural,","simulation,","activation,","detect,","situation,","relations,","actor,","trait,","electroacupuncture,","correlates,","rifg,","patient,","enrichment,","complements,","subjects,","goals,","nm,","detection,","interval,","operation,","scenes,","depending,","lateral,","allodynia,","dysfunction,","viewed,","erotic,","dn,","demands,","satisfaction,","contractions,","goal,","recruited,","infusion,","indicating,","treated,","fh,","correlated,","spectral,","integration,","movement,","knowledge,","volitional,","upper,","reactivity,","responsivity,","circuitry,"
Var35,"volunteers,","withdrawal,","events,","reduced,","discrimination,","hf,","endogenous,","evidence,","kinesthetic,","writing,","deviant,","activated,","verbal,","mimicry,","emotion,","explore,","context,","success,","schizophrenic,","reorganization,","morphology,","magnitude,","perception,","reorganization,","conflicts,","random,","single,","participants,","component,","influence,","areas,","boys,","behavioral,","steroid,","linked,","vwm,","rubber,","postural,","visual,","correlates,","including,","anticipatory,","behavioral,","reduced,","event,","listeners,","speech,","optic,","types,","execution,","arm,","humans,","glucose,","appetitive,"
Var36,"pulse,","conclusions,","abuse,","compensatory,","size,","variability,","cue,","speed,","gifted,","tasks,","potential,","individuals,","similarity,","triggered,","dysfunction,","cognition,","term,","proactive,","functional,","preserved,","experiment,","potential,","intention,","spoken,","situations,","generation,","digits,","experienced,","chunk,","intensity,","neuropathic,","relative,","role,","endogenous,","scale,","delayed,","distorted,","cb,","relations,","beautiful,","fhn,","expected,","increased,","function,","reward,","vowel,","order,","structure,","rejection,","motor,","feedback,","anticipatory,","flavor,","losses,"
Var37,"vibrotactile,","altered,","responders,","progression,","matching,","breath,","attending,","performing,","representational,","phonology,","mismatch,","ability,","effect,","congruous,","medication,","expansion,","material,","errors,","medication,","cis,","languages,","distinct,","representation,","implantation,","resolve,","context,","nonsymbolic,","lateral,","cost,","content,","modulation,","decreased,","gender,","relative,","neurobiological,","phonological,","size,","urge,","line,","engaged,","con,","cued,","borderline,","development,","contingency,","language,","words,","figure,","fs,","directed,","patterns,","responding,","consumption,","participants,"
Var38,"sensorimotor,","impulsivity,","recent,","adults,","tools,","estradiol,","allocation,","impairment,","clock,","rhyming,","participants,","personal,","consistent,","modulate,","subgenual,","originality,","support,","tasks,","deficit,","limit,","types,","ambiguity,","tools,","blue,","adjustments,","internally,","arabic,","scene,","gad,","viewed,","ibs,","adult,","threat,","dimorphism,","conclusions,","loads,","dl,","mechanisms,","visuospatial,","cms,","alterations,","role,","personality,","onset,","adaptation,","singing,","complexity,","coherence,","finding,","reflexive,","voluntary,","differential,","lean,","magnitude,"
Var39,"skin,","increased,","induced,","risk,","knowledge,","hrv,","directed,","stroop,","angles,","bilingual,","infrequent,","socially,","features,","predictive,","individuals,","unusual,","predicted,","required,","characterized,","occurs,","object,","reflected,","communicative,","deprivation,","pre,","ordinal,","consolidation,","imagined,","lower,","scenes,","affective,","abnormal,","sensitivity,","influences,","psychiatric,","demand,","limbs,","frda,","frames,","inference,","binge,","instruction,","treatments,","adolescence,","probability,","melody,","types,","signals,","experiment,","voluntary,","paced,","trace,","index,","salience,"
Var40,"leg,","reactivity,","conclusions,","pathology,","intact,","generation,","resources,","deficits,","rehearsal,","task,","detecting,","physical,","controlled,","modulation,","limitations,","chinese,","phase,","participants,","impairment,","crt,","number,","human,","planning,","dental,","compatibility,","finger,","symbols,","simulation,","updating,","investigated,","healthy,","cd,","compared,","larger,","negatively,","performers,","disorders,","ankle,","distance,","transgressions,","ambivalence,","current,","period,","sample,","adjustment,","speakers,","relative,","experiments,","learned,","moving,","sequential,","trait,","fasting,","gambling,"
Var41,"rest,","individuals,","els,","dysfunction,","pathway,","intensity,","modulated,","impaired,","future,","recognition,","presentation,","intentional,","concept,","background,","relative,","superficial,","strength,","voluntary,","illness,","ci,","event,","regret,","aon,","languages,","compatible,","intervals,","solved,","imagery,","types,","regulate,","applied,","development,","people,","cth,","schizotypal,","sternberg,","schema,","teeth,","reality,","appraisal,","feigned,","preceded,","therapeutic,","behavioral,","actual,","spoken,","pragmatic,","shape,","representation,","antisaccades,","circuits,","classical,","visual,","anticipated,"
Var42,"electrical","treatment","ipv","matched","real","frequency","perceptual","domain","instructed","vot","contextual","cooperation","behavioral","combinations","anhedonia","teas","semantic","behavior","function","load","phrases","uncertain","perspective","systems","counting","musicians","types","process","iu","correlated","control","clinical","trustworthiness","postmenopausal","violent","binding","sense","cfs","coordinates","implicit","fasd","phase","disorder","reported","unexpected","ear","metaphoric","viewed","judgements","continuous","guided","contingency","chocolate","receipt"
